ANIMAL;SEXO;IDADE;PESO;BICO;CIRCFCABECA;PESCOCO;ASA;TULIPA;DORSO;VENTRE;CIRCFABDOM;SOBRECOXA;COXA;CANELA;UNHAMAIOR
7;Femea;0;25;0.9;5.7;2.9;3.6;1.1;12.5;10.5;7.1;2.7;2.4;2.2;1.6
10;Femea;0;33;0.9;7;4.5;3.5;1.7;13.2;11.9;9.1;2.3;3.4;2.5;2.9
11;Macho;0;31;0.7;7.7;4.8;3.1;1.8;12.7;13.4;8.3;3.0;3.3;1.8;2.6
16;Macho;0;36;1.2;6.3;3.7;2.1;1.3;12.5;11.8;7.6;2.1;2.5;1.9;1.7
17;Femea;0;27;0.7;5.9;3.4;3.5;1.3;11.6;11.2;7.8;2.6;3.1;2.3;2.1
19;Macho;0;28;1.0;6.4;4.3;2.8;1.6;12.4;11.4;8.5;3.0;2.6;2.2;2.3
20;Macho;0;32;1.0;7;4.6;4.5;2.5;13.3;13.6;7.8;3.1;3.3;2.4;2.4
25;Macho;0;30;0.7;6.3;3.1;2.8;2.2;13.4;11.0;8.5;2.6;2.6;1.9;1.9
26;Macho;0;29;1.3;5.7;4.1;2.3;1.9;12.0;12.1;8.4;3.4;3.7;2.1;2.1
31;Femea;0;26;0.8;6.5;2.9;3.7;0.7;11.2;10.7;7.9;2.1;3.1;1.7;1.6
39;Macho;0;31;0.9;5.9;4.8;3.3;1.7;10.7;10.2;8.1;3.0;2.6;2.0;1.5
47;Macho;0;32;0.6;6.5;4.7;3.0;1.7;12.5;11.6;9.4;3.1;3.5;2.6;2.4
57;Macho;0;31;0.6;7.2;1.0;3.2;2.2;11.2;9.3;8.7;2.3;2.6;2.0;1.7
62;Macho;0;3;0.8;7.2;5.5;3.4;1.9;12.8;12.5;8.3;3.1;3.1;2.4;2.5
70;Macho;0;32;1.2;6;4.9;3.9;1.2;14.1;11.5;7.8;3.0;3.3;2.0;1.1
75;Femea;0;30;1.2;6;4.5;2.8;1.1;13.2;11.7;9.5;3.1;3.2;1.9;2.1
77;Macho;0;32;1.0;6;4.3;4.5;1.1;14.2;11.9;6.7;2.9;2.7;2.3;1.8
84;Macho;0;40;1.0;6.9;5.7;3.5;2.0;13.2;13.7;8.7;3.1;3.2;2.9;2.7
88;Femea;0;29;1.1;7.8;4.8;3.8;2.5;12.6;13.5;7.3;3.3;2.7;2.0;2.7
95;Femea;0;32;1.0;6.7;3.7;3.1;1.6;11.6;11.2;7.5;2.5;2.2;1.8;2.3
111;Macho;0;33;1.0;6.9;5.7;2.1;2.4;12.9;12.4;;3.1;3.6;2.1;2.2
114;Macho;0;34;1.0;6.7;2.6;3.6;1.8;11.7;9.8;6.9;3.2;3.0;;2.1
115;Femea;0;30;1.4;5.9;5.4;3.6;2.1;13.5;11.4;7.2;2.8;2.8;2.2;2.1
117;Macho;0;38;0.7;6.7;6.4;3.9;1.5;13.0;12.4;8.9;3.6;3.3;2.4;2.8
118;Femea;0;33;1.0;7;4.6;3.0;0.9;12.8;12.7;8.7;3.1;3.7;2.1;2.4
123;;0;25;1.1;5.5;3.7;2.9;1.0;11.4;11.4;6.2;2.3;2.9;2.2;1.7
127;Femea;0;30;1.4;6.3;4.9;4.1;2.1;13.2;12.0;8.3;3.6;3.2;2.0;2.3
129;Femea;0;35;1.0;7.1;4.3;2.7;0.9;11.1;11.8;8.1;3.7;3.1;2.6;2.0
130;Macho;0;39;1.3;6.8;5.3;3.3;2.2;12.3;12.6;7.9;3.3;3.0;2.2;2.7
140;Macho;0;36;1.1;7.8;3.5;2.5;1.8;12.5;12.2;11.1;3.0;3.1;1.6;2.1
144;Macho;0;36;1.0;5.8;4.3;3.2;1.6;11.2;11.9;7.4;2.9;3.2;2.4;2.1
151;Macho;0;29;1.1;6.1;3.8;2.9;2.0;11.8;13.0;9.3;2.8;3.1;2.7;2.5
170;Macho;0;32;0.8;7;3.5;4.0;0.7;11.6;11.4;7.5;2.2;2.7;2.4;1.7
174;Macho;0;35;1.0;6.6;5.4;2.8;2.8;13.2;11.6;7.5;3.0;3.1;3.5;2.9
177;Femea;0;30;1.1;6;4.9;2.8;1.4;12.4;12.1;8.0;2.8;3.2;1.8;2.2
184;Macho;0;36;0.9;3.1;3.3;3.0;2.0;12.1;12.6;10.4;3.0;2.5;2.2;2.0
187;Femea;0;32;1.0;6.4;3.9;3.0;1.1;11.6;9.6;6.4;2.7;2.4;1.9;1.6
190;Macho;0;34;1.0;6.1;4.0;2.7;2.1;13.7;11.0;8.2;2.3;2.7;1.7;1.7
194;Macho;0;34;1.0;6.8;6.5;3.9;2.3;12.4;14.2;8.9;3.1;2.7;2.9;2.5
204;Macho;0;30;1.0;6.4;4.3;3.6;1.2;13.8;12.6;7.2;3.0;3.5;2.2;1.7
209;Macho;0;30;1.0;5.8;5.5;2.8;2.0;12.0;12.2;8.2;3.6;3.2;2.2;1.9
210;Macho;0;28;1.0;6.8;3.7;2.0;1.8;11.6;12.5;8.5;2.2;2.6;2.2;1.7
212;Macho;0;34;1.0;5.6;4.8;3.3;2.1;11.2;12.0;7.2;2.9;3.7;2.3;2.2
217;Femea;0;33;1.2;6.2;3.4;3.9;1.4;12.6;12.3;7.1;12.3;12.6;2.0;2.1
224;Macho;0;41;0.6;6.8;4.3;3.0;2.0;11.8;12.5;7.7;2.8;2.9;1.9;1.8
226;Macho;0;37;1.3;5.7;6.5;2.9;1.8;11.7;12.2;8.5;2.6;3.0;2.7;2.8
227;Macho;0;27;1.1;6.1;6.0;5.1;2.6;12.9;13.4;8.9;2.8;2.8;2.1;2.6
7;Femea;7;70;1.3;7.5;5.0;5.0;2.4;14.0;14.0;9.0;2.9;4.0;2.3;2.1
10;Femea;7;88;1.6;7.7;4.1;4.9;2.1;15.2;15.0;10.7;4.7;4.0;2.9;2.2
11;Macho;7;81;1.0;6.7;6.5;5.2;3.1;1.3;14.0;9.4;3.4;3.4;2.1;2.4
16;Macho;7;91;1.5;7.7;4.6;4.8;2.2;15.0;15.7;12.1;4.3;3.9;3.0;2.8
17;Femea;7;67;1.7;7.5;5.3;5.2;2.4;15.7;14.4;10.8;4.8;4.0;3.3;3.0
19;Macho;7;71;1.3;7.1;4.2;4.5;2.5;15.0;14.7;8.8;3.5;4.1;2.5;2.3
20;Macho;7;78;1.3;6.6;8.8;5.2;2.0;13.0;13.0;12.3;3.3;3.4;2.3;2.4
25;Macho;7;79;1.7;8;4.3;5.6;2.4;16.0;14.2;10.8;5.3;4.7;3.4;2.6
26;Macho;7;81;1.7;8;4.5;5.5;2.3;16.0;13.4;11.2;5.9;4.7;3.1;2.3
31;Femea;7;71;1.6;7.5;4.4;6.0;1.9;14.1;13.9;12.9;5.7;3.9;3.2;2.4
39;Macho;7;83;1.3;8.4;6.5;5.6;2.8;15.0;14.0;10.9;3.1;4.0;3.4;2.8
47;Macho;7;83;1.3;7.2;4.3;4.6;2.8;16.5;14.7;8.7;3.5;3.9;2.3;1.9
57;Macho;7;75;1.0;7;4.4;5.1;2.5;14.7;12.8;9.1;3.3;4.2;2.2;2.1
62;Macho;7;100;1.1;6.9;5.0;4.0;2.5;16.2;14.2;9.7;3.2;3.5;3.8;2.7
70;Macho;7;84;1.3;6.1;5.1;4.9;2.5;16.4;15.0;10.7;3.6;3.9;2.5;2.4
75;Femea;7;76;1.0;6.6;3.5;4.3;2.3;14.7;11.3;8.5;3.2;3.5;2.3;2.1
77;Macho;7;91;1.3;8.2;7.2;3.9;2.3;16.1;15.9;11.1;4.1;4.9;2.5;2.9
84;Macho;7;103;1.2;7.7;6.2;4.7;3.4;16.9;17.9;10.0;4.7;4.9;3.1;3.1
88;Femea;7;80;1.6;7.2;4.2;4.1;2.0;16.3;13.2;10.3;5.3;3.7;2.8;2.5
95;Femea;7;74;1.5;8;4.6;4.8;2.0;17.6;14.0;10.9;5.1;4.4;3.5;2.8
111;Macho;7;89;1.2;7.9;6.4;6.2;3.3;14.7;15.2;11.1;3.1;4.4;3.3;2.7
114;Macho;7;94;1.1;7.6;4.7;4.9;2.3;15.1;14.3;9.1;3.1;4.0;3.2;2.9
115;Femea;7;83;1.0;7.2;4.7;3.8;2.4;17.4;15.7;10.3;4.5;4.1;2.8;2.9
117;Macho;7;102;1.6;7.2;5.4;4.9;2.8;16.1;16.0;10.6;5.0;4.1;2.9;3.2
118;Femea;7;80;1.2;7.4;5.5;5.0;2.1;15.2;15.1;11.5;4.2;3.9;2.8;3.1
127;Femea;7;62;1.4;7.2;7.2;5.9;2.7;14.5;13.1;8.3;4.1;3.8;2.8;2.7
129;Macho;7;82;1.6;6.3;4.7;5.1;2.4;16.5;14.4;9.5;3.3;3.8;2.4;1.9
130;Femea;7;75;1.0;6.7;5.4;4.8;2.9;15.0;13.9;8.4;3.7;3.9;2.2;2.0
140;Femea;7;92;1.3;7.2;7.2;6.3;3.5;16.0;15.2;11.2;4.3;3.7;2.9;3.1
144;Macho;7;92;1.2;7.8;8.3;6.3;3.2;15.5;15.6;11.3;3.6;4.6;3.4;2.6
151;Macho;7;90;1.7;7.9;3.6;5.3;3.0;16.2;15.2;13.0;3.2;3.9;3.2;2.8
170;Macho;7;93;1.7;8.7;5.4;3.7;2.8;16.0;15.6;10.4;4.3;3.8;2.3;3.2
174;Macho;7;86;1.6;7.3;6.6;6.6;3.6;15.0;15.6;10.4;4.8;5.1;3.8;3.8
177;Macho;7;69;1.3;6.3;4.1;4.3;2.1;13.6;13.6;8.6;3.1;4.0;2.5;2.5
184;Macho;7;103;1.6;7.9;4.3;5.0;2.9;14.0;14.2;13.0;4.2;3.5;2.9;2.3
187;Femea;7;36;0.8;7.4;4.1;2.1;1.5;11.0;11.5;8.0;2.6;2.2;2.2;2.4
190;Macho;7;99;1.8;7.8;4.5;5.9;2.3;15.4;15.7;11.5;5.5;4.4;3.6;2.9
194;Macho;7;82;0.9;7.8;7.0;6.8;2.3;14.0;14.2;10.3;4.1;3.9;2.7;2.2
204;Femea;7;93;1.3;7.6;6.1;4.2;3.2;15.8;15.4;11.2;4.9;3.7;2.4;2.5
209;Macho;7;96;1.6;8.2;4.2;4.6;2.5;13.4;14.5;11.9;4.3;4.1;3.2;2.9
210;Macho;7;89;1.4;7.2;5.8;5.4;2.2;15.8;14.4;9.4;3.9;4.3;3.0;2.2
212;Macho;7;101;1.2;7.2;7.6;5.2;2.3;15.7;16.4;10.9;3.5;3.8;2.9;3.1
217;Macho;7;66;1.4;5.9;5.3;4.8;2.9;14.2;12.0;8.3;3.4;4.1;3.1;2.9
224;Femea;7;81;1.5;6;6.0;5.6;3.5;13.1;14.0;9.5;4.7;4.9;3.0;3.0
226;Macho;7;84;1.6;7;6.5;4.9;3.5;15.0;15.0;10.1;4.9;4.8;3.5;3.0
227;Macho;7;93;1.4;8;7.0;6.7;2.4;16.0;14.7;11.7;3.8;3.9;3.6;2.9
7;Femea;14;138;1.3;7.4;5.0;7.1;3.2;18.5;17.8;12.8;3.9;5.0;2.8;2.7
10;Femea;14;186;1.6;8.0;6.7;6.9;5.2;19.9;19.6;12.6;4.7;4.5;3.4;4.1
11;Macho;14;158;1.4;7.5;6.0;7.0;3.0;20.0;12.0;13.0;4.0;5.0;3.5;4.0
16;Macho;14;187;1.8;7.3;6.5;7.5;4.8;18.0;17.0;13.0;5.0;5.3;4.3;3.5
17;Femea;14;138;1.4;6.9;4.4;9.1;4.4;19.1;15.9;12.9;4.8;4.8;2.9;2.7
19;Macho;14;127;1.6;7.6;4.9;7.3;3.4;17.3;17.6;10.9;4.0;3.8;2.7;2.9
20;Macho;14;145;2.3;6.9;8.1;7.2;4.3;17.8;16.6;12.0;4.3;5.9;4.4;4.1
25;Macho;14;149;1.5;7.6;6.0;7.5;2.5;18.0;11.0;12.5;4.0;5.0;3.5;4.0
26;Macho;14;162;1.7;8.0;7.0;7.0;3.0;21.0;12.0;13.0;5.0;5.2;4.0;4.2
31;Macho;14;156;1.1;5.8;5.0;5.9;3.8;16.6;14.4;12.8;3.6;3.7;3.4;2.8
39;Femea;14;155;1.8;8.2;6.6;7.2;4.2;19.4;19.0;13.1;4.4;4.8;4.0;4.2
47;Femea;14;168;1.1;6.7;7.2;6.3;3.6;19.6;18.3;11.9;3.8;4.7;2.9;3.1
57;Macho;14;164;1.6;7.2;5.3;9.2;4.0;18.9;19.1;11.9;4.8;5.5;3.9;2.9
62;Macho;14;190;1.5;8.0;7.2;15.7;3.0;19.6;15.0;13.6;4.5;6.0;4.0;3.5
70;Macho;14;158;1.2;7.6;5.0;8.6;3.5;17.6;17.4;11.4;46.0;4.5;3.9;2.7
75;Femea;14;162;1.0;8.0;7.5;10.4;3.1;19.9;20.3;12.9;6.1;6.5;4.0;4.1
77;Macho;14;180;1.3;7.8;6.5;8.0;4.0;22.0;18.5;14.0;4.5;5.5;3.5;3.3
84;Macho;14;212;1.5;7.7;5.0;8.7;4.1;20.4;18.4;12.5;5.2;5.8;3.7;3.0
88;Femea;14;145;1.5;7.8;5.4;8.7;3.8;17.9;17.7;11.5;4.5;4.8;3.0;2.8
95;Femea;14;134;1.3;6.7;4.7;6.6;2.7;17.9;14.8;10.6;4.4;5.3;3.4;3.5
111;Macho;14;186;1.6;7.4;5.2;8.7;3.8;18.6;19.1;13.0;4.7;5.5;3.4;3.1
114;Macho;14;206;1.5;8.8;6.5;6.0;3.2;20.0;15.6;12.6;5.0;5.1;4.3;4.0
115;Femea;14;138;1.6;7.7;6.6;7.8;3.8;18.8;17.7;12.5;4.7;4.5;3.0;3.6
117;Macho;14;216;1.3;8.1;7.5;7.7;5.0;21.3;20.5;14.2;4.6;5.4;3.7;4.2
127;Femea;14;110;1.3;7.8;4.4;5.4;3.0;18.6;13.4;13.0;4.1;4.1;3.7;3.1
129;Macho;14;170;1.5;7.6;5.0;9.2;3.6;21.0;17.0;12.3;5.7;5.6;3.8;2.7
130;Femea;14;159;1.5;7.2;4.5;9.3;4.4;19.1;19.7;12.8;4.7;5.5;3.6;2.8
140;Femea;14;205;1.5;8.0;6.5;7.0;2.5;20.5;19.5;15.5;4.5;4.5;4.0;4.0
144;Macho;14;184;1.5;8.0;5.9;6.6;3.0;21.0;16.0;13.5;4.3;5.8;4.0;3.4
151;Macho;14;181;2.2;8.5;7.7;8.6;4.8;19.0;19.5;13.9;5.7;5.9;3.7;3.9
170;Macho;14;197;2.2;7.9;4.8;9.7;5.2;20.2;18.7;13.5;4.9;5.7;3.8;3.0
174;Macho;14;186;1.0;6.8;5.9;6.8;2.4;20.0;18.0;13.2;4.0;4.8;3.6;3.8
177;Macho;14;159;1.2;7.7;4.6;8.4;4.4;19.0;19.6;11.3;3.7;4.8;3.1;2.9
*181;Macho;14;179;1.5;7.5;5.5;7.0;4.0;20.0;18.5;13.0;4.5;4.0;3.5;4.0
*181;Macho;14;159;1.8;7.6;5.3;9.4;4.2;20.1;19.0;12.4;4.9;5.2;3.3;2.9
184;Macho;14;175;1.6;7.5;7.0;7.2;3.0;19.0;17.4;17.0;5.0;4.2;3.7;3.0
187;Femea;14;158;1.0;6.9;3.8;4.6;2.4;13.2;13.5;8.0;3.0;3.6;1.4;1.6
190;Macho;14;178;1.4;7.6;6.8;7.3;3.9;19.2;20.1;12.8;4.2;3.7;3.0;3.4
194;Macho;14;195;2.6;8.2;7.2;6.8;5.5;15.8;14.7;14.2;4.5;6.1;4.7;4.0
204;Femea;14;195;1.2;7.7;5.1;9.8;5.9;20.2;19.2;12.5;5.8;5.7;3.6;3.4
209;Macho;14;187;1.8;7.9;4.3;7.7;5.0;19.4;17.6;12.0;4.3;5.1;3.2;3.0
210;Macho;14;132;1.6;8.1;7.0;7.4;4.0;20.5;20.4;13.8;4.6;4.4;3.5;3.8
212;Macho;14;188;2.0;7.7;4.7;11.0;4.6;22.4;19.9;13.0;5.0;5.7;4.0;3.5
217;Macho;14;148;1.4;7.2;4.8;8.2;3.8;17.1;18.3;10.5;4.4;4.3;3.1;2.9
224;Femea;14;177;1.5;8.0;7.0;8.0;4.0;18.7;17.0;13.0;5.2;5.0;3.1;3.2
226;Macho;14;162;1.3;7.5;6.0;8.0;4.0;18.0;17.5;12.5;4.5;4.0;3.0;3.5
227;Macho;14;190;1.7;8.0;8.0;5.9;3.0;22.0;13.0;13.8;4.5;6.0;4.0;4.9
7;Macho;21;262;1.3;8;5.1;8.1;3.1;22.3;13.5;14.0;5.5;4.0;3.5;3.5
10;Macho;21;252;1.2;9;7.6;9.5;5.5;23.9;25.0;15.0;6.5;6.9;4.0;4.5
11;Macho;21;370;2.0;8.1;5.8;10.7;6.0;22.6;20.2;15.7;5.8;6.0;4.0;3.9
16;Femea;21;358;1.5;8.9;7.5;10.0;5.5;24.0;24.4;15.2;6.5;8.0;4.5;5.1
17;Macho;21;174;1.3;8;5.0;7.8;3.0;20.5;18.5;12.5;4.5;4.5;3.0;3.5
19;Femea;21;290;1.4;8;7.5;7.0;3.3;19.1;17.5;12.3;4.0;4.3;3.3;3.5
20;Femea;21;298;1.6;7.6;5.5;9.2;3.0;21.2;15.4;14.6;4.0;4.4;3.8;3.5
25;Femea;21;160;1.3;8.3;6.2;7.8;1.9;19.8;13.0;14.3;4.0;4.1;4.0;3.6
26;Femea;21;231;1.2;8.4;6.1;6.2;2.9;22.1;15.2;15.1;4.8;3.8;4.0;4.3
31;Femea;21;285;1.3;8;5.2;7.0;2.5;22.5;13.2;13.3;5.6;4.7;4.0;3.9
39;Macho;21;273;1.5;8.1;5.2;8.5;2.9;22.5;14.5;15.3;5.0;4.1;3.8;4.0
47;Femea;21;290;1.8;8.3;52.0;10.8;5.7;23.2;22.8;15.1;5.4;6.3;4.1;3.8
57;Femea;21;263;1.7;8;5.4;10.3;5.3;23.6;22.5;15.7;5.3;6.3;4.1;3.6
62;Macho;21;259;1.8;8.3;5.8;20.3;6.5;25.9;24.7;16.5;5.6;6.3;4.0;3.5
70;Macho;21;233;1.3;8.2;5.5;7.5;2.0;22.2;13.8;15.9;4.1;4.3;4.2;4.2
75;Femea;21;328;1.2;8;5.6;7.6;8.0;18.7;18.6;14.5;4.1;5.3;3.5;3.8
77;Macho;21;237;1.5;8.2;7.0;8.2;4.0;24.0;24.0;16.0;4.5;5.2;3.2;3.5
88;Femea;21;99;1.2;7.5;6.2;7.3;2.5;19.7;14.3;13.0;4.3;4.7;3.9;3.1
95;Macho;21;174;1.3;7.9;6.5;7.5;3.5;21.5;20.5;15.3;5.6;4.4;3.4;3.4
111;Macho;21;352;1.6;8.5;7.6;9.4;3.7;24.5;22.5;16.8;5.5;6.0;4.0;4.4
114;Macho;21;377;1.3;8.5;6.7;9.5;2.2;23.7;15.1;16.6;5.8;4.6;5.0;5.0
115;Femea;21;302;1.3;8;8.1;7.2;4.3;22.4;21.0;13.3;5.5;5.6;13.7;13.7
117;Macho;21;186;2.0;8.6;4.2;9.0;4.0;24.0;17.5;25.0;6.0;7.0;5.0;3.3
118;Femea;21;246;1.8;8.4;5.7;11.6;6.0;23.1;21.6;15.8;5.9;6.4;4.3;4.2
127;Femea;21;235;1.6;7.5;4.6;9.3;5.4;21.0;17.8;13.0;4.7;5.0;3.3;3.1
129;Femea;21;214;1.1;8.6;8.0;8.5;3.5;23.3;13.2;15.5;4.0;6.5;4.4;3.7
130;Macho;21;281;1.2;8;7.5;9.0;4.4;21.6;21.0;15.0;5.0;6.0;3.6;3.5
140;Macho;21;141;2.0;8.1;6.3;12.0;6.4;22.5;22.1;15.0;5.7;6.5;4.3;3.8
144;Femea;21;363;1.5;8.3;8.5;8.7;4.5;21.0;22.5;16.5;5.0;6.5;5.0;4.2
151;Femea;21;264;1.4;8.5;8.2;8.8;4.8;22.0;22.5;15.5;4.1;6.1;4.3;4.1
170;Femea;21;350;1.7;8.9;8.7;9.0;5.7;25.5;22.5;15.4;7.5;7.0;4.5;5.9
174;Macho;21;277;1.4;8.6;9.0;5.0;22.3;24.8;17.3;5.3;6.5;4.0;3.1;
177;Macho;21;195;1.4;8.2;7.3;9.5;5.1;22.5;23.5;15.5;6.5;7.5;4.1;4.5
184;Femea;21;77;1.6;8.4;6.4;10.6;3.7;21.7;21.5;17.8;6.8;6.1;4.4;3.9
187;Macho;21;330;1.3;6.9;3.9;7.1;4.0;16.4;16.2;9.8;3.6;4.2;2.4;2.0
190;Macho;21;332;1.3;8.6;9.2;9.5;4.6;24.7;22.0;16.1;5.0;6.0;4.4;4.2
194;Femea;21;305;1.4;8;8.0;10.0;5.0;27.0;24.0;18.0;5.5;4.0;4.0;3.8
204;Femea;21;293;1.2;8.5;5.6;6.2;3.0;22.6;16.1;16.5;5.1;5.3;4.2;4.2
209;Femea;21;234;1.7;8.1;7.0;9.0;3.3;21.5;20.9;16.5;4.8;6.0;3.7;4.8
210;Femea;21;0;1.5;8;7.0;9.0;4.0;24.1;24.0;16.0;5.0;5.5;3.8;3.6
212;Macho;21;243;1.5;8.6;9.0;8.8;4.5;23.4;23.0;14.7;4.6;6.5;4.5;4.7
217;Femea;21;246;1.8;8.1;5.5;10.8;5.7;20.8;21.7;14.0;4.8;5.0;3.4;4.0
224;Femea;21;220;1.3;8.4;9.0;9.3;4.8;20.6;25.2;15.1;5.9;6.0;4.0;3.6
226;Macho;21;266;1.4;8.3;5.3;8.9;3.3;22.5;14.8;15.5;4.0;5.0;4.8;4.1
227;Femea;21;255;1.5;8.7;7.9;9.5;5.1;27.5;27.0;17.3;6.4;7.9;4.2;5.1
7;Femea;28;385;2.2;8.5;7.2;10.5;6.2;25.1;23.3;17.0;5.6;6.8;4.7;3.7
10;Macho;28;298;1.5;9.3;7.5;11.5;3.6;25.5;24.5;21.0;6.3;7.4;5.5;4.0
11;Femea;28;490;1.9;7.8;7.8;12.4;4.6;23.2;24.5;16.1;5.9;6.7;4.3;4.1
16;Macho;28;435;2.0;9.1;6.7;12.1;5.6;28.4;25.2;17.6;6.7;6.8;4.0;5.0
17;Macho;28;425;1.5;8.5;6.0;8.5;5.5;23.0;22.0;11.0;5.0;5.5;3.5;4.5
19;Femea;28;300;1.5;8.5;6.0;9.0;3.8;23.0;22.5;14.0;5.5;6.0;3.3;4.3
20;Femea;28;495;1.7;8.6;7.6;10.0;5.6;24.1;22.1;16.0;5.6;7.0;4.0;4.0
25;Macho;28;405;1.6;8.4;8.5;8.5;5.3;22.1;21.9;15.6;4.9;4.9;4.5;4.7
26;Macho;28;295;2.5;9;11.0;10.5;5.0;24.5;24.0;19.0;6.0;7.0;4.0;4.5
31;Femea;28;360;2.1;8.1;6.6;9.8;5.2;24.3;21.9;15.2;7.0;6.3;3.8;3.5
39;Macho;28;390;1.9;8.5;10.5;10.0;5.5;27.0;23.0;18.0;6.0;6.0;4.0;5.5
47;Macho;28;365;2.0;8.3;9.0;10.0;6.5;23.0;20.0;18.5;6.0;6.5;5.0;5.0
57;Macho;28;430;2.0;9;10.0;10.0;5.0;23.0;23.0;18.5;6.0;6.0;4.3;4.4
62;Macho;28;490;1.8;9;10.0;10.5;6.5;28.1;26.0;18.6;6.1;6.0;5.0;5.5
70;Macho;28;365;2.0;9.1;7.5;8.2;4.5;20.8;23.0;17.5;5.5;7.1;4.7;5.0
75;Femea;28;335;1.6;8.4;9.8;9.5;5.0;27.0;27.3;16.4;6.9;7.6;3.5;4.6
77;Macho;28;425;2.3;9;11.5;12.0;6.0;27.0;25.0;18.0;6.0;7.0;4.0;4.5
84;Macho;28;535;1.6;9.3;11.5;11.2;6.8;30.6;28.0;18.6;7.0;7.2;5.2;4.5
88;Femea;28;325;2.3;8.4;7.3;11.3;6.3;23.7;23.6;15.6;5.9;5.3;3.7;3.9
95;Femea;28;305;1.7;8.4;9.1;8.1;5.3;23.4;23.2;16.3;5.8;6.5;4.5;4.2
111;Macho;28;483;1.7;9.1;8.9;11.1;5.4;25.6;28.0;20.1;7.7;7.6;5.5;4.9
114;Macho;28;560;1.7;9.8;10.0;11.8;6.3;29.2;25.2;19.7;5.4;8.1;5.0;4.9
115;Femea;28;285;1.5;8.5;7.5;9.0;3.8;23.5;22.0;15.5;6.7;4.1;4.0;4.1
117;Macho;28;615;1.6;8.7;9.0;7.0;6.0;27.0;28.0;20.5;7.0;7.5;5.0;5.0
118;Femea;28;450;2.3;18;10.0;25.0;11.0;5.0;25.5;18.5;6.0;7.5;4.0;5.2
127;Femea;28;375;1.7;8;7.0;9.5;5.0;23.0;21.0;18.5;5.0;5.0;3.5;4.0
129;Macho;28;400;1.8;8.7;8.8;11.2;5.9;29.8;25.6;17.6;7.8;7.9;4.4;5.2
130;Macho;28;480;2.4;8.5;11.0;11.0;4.5;27.0;22.5;17.0;5.0;6.0;4.0;5.3
140;Femea;28;505;1.6;9;6.0;10.3;4.5;23.0;22.0;17.5;6.5;7.0;4.0;4.9
144;Macho;28;145;2.3;8.8;8.6;9.2;4.4;24.6;26.4;18.0;5.7;7.3;5.2;5.2
151;Macho;28;355;2.0;9;10.0;12.0;5.5;24.0;25.5;17.5;6.0;6.0;4.0;5.3
170;Femea;28;360;2.3;9;9.0;10.0;6.5;22.0;21.0;17.0;6.0;6.5;4.0;6.0
174;Femea;28;527;1.6;8.8;9.8;10.6;4.3;27.0;24.7;18.4;5.2;7.5;4.7;5.0
177;Macho;28;325;2.1;9.2;8.2;11.1;5.4;27.1;27.5;18.7;6.8;7.5;5.0;5.0
184;Femea;28;315;2.0;9.2;8.9;13.4;5.1;27.4;27.0;18.7;7.0;7.8;4.6;4.2
187;Macho;28;400;1.0;7.3;4.5;8.0;3.5;17.0;16.0;12.0;4.0;4.0;2.5;3.0
190;Macho;28;470;1.7;9.2;9.5;9.0;6.1;27.1;24.8;17.9;6.4;6.6;4.7;4.6
194;Macho;28;485;1.6;9;9.9;11.8;4.7;29.9;23.3;19.1;6.4;7.5;4.6;4.5
204;Macho;28;460;2.5;9.1;8.3;11.1;6.0;32.5;32.0;18.5;8.5;8.9;4.6;5.3
209;Femea;28;560;1.5;8.4;6.0;9.0;4.0;25.0;24.0;16.5;5.0;6.0;4.0;5.0
210;Macho;28;385;2.0;9;10.0;11.0;6.5;26.0;23.0;19.0;7.0;7.0;4.0;5.5
212;Macho;28;300;2.3;9.1;8.4;9.9;5.5;23.3;26.0;17.5;7.5;7.8;4.4;5.1
217;Femea;28;450;1.5;8.8;8.8;10.5;5.6;25.3;23.9;16.7;5.8;5.4;4.0;4.5
224;Macho;28;500;1.9;8.9;7.6;11.4;6.7;16.2;26.1;18.4;7.7;8.0;5.4;4.7
226;Macho;28;422;1.8;8.2;9.2;11.9;5.9;28.7;25.0;17.8;7.6;7.7;5.6;4.6
227;Femea;28;335;1.3;8;6.0;9.0;4.2;22.5;22.0;18.0;6.0;7.0;4.0;4.2
7;Femea;38;500;3.0;10.0;13.0;12.0;7.0;29.0;29.0;24.0;8.0;8.0;4.5;6.0
10;Femea;38;760;1.8;10.0;8.0;12.0;6.0;30.0;30.9;27.0;7.0;9.5;5.0;6.0
11;Macho;38;520;1.7;9.4;8.7;13.5;6.3;29.6;29.9;20.0;6.4;6.7;4.5;4.6
16;Macho;38;560;1.6;9.6;9.1;14.9;6.3;31.1;31.4;19.0;7.6;8.3;4.5;5.3
17;Femea;38;425;1.6;9.3;12.0;11.5;6.3;35.0;29.0;19.7;7.0;9.8;5.5;5.8
19;Macho;38;345;1.2;9.0;7.0;9.0;5.0;26.0;24.0;17.0;6.0;7.5;4.0;5.0
20;Macho;38;20;1.5;9.0;8.0;10.0;5.2;28.0;26.5;19.0;5.5;7.5;4.0;5.2
25;Macho;38;445;1.5;9.0;8.0;11.0;5.0;28.0;26.5;20.0;6.0;8.0;5.4;5.2
26;Macho;38;660;2.2;10.5;13.5;13.5;7.2;32.1;29.3;24.6;11.2;10.0;5.5;6.3
31;Femea;38;430;3.0;10.0;12.0;11.5;6.0;26.5;24.5;20.5;7.0;7.5;4.0;6.0
39;Macho;38;535;1.7;9.5;10.0;10.0;5.5;32.0;31.4;21.6;6.0;8.0;4.0;5.2
47;Macho;38;535;1.7;8.5;7.2;13.2;6.8;27.0;26.8;20.4;7.1;8.1;4.6;5.3
57;Macho;38;645;2.0;10.3;14.0;11.0;7.0;37.0;30.0;25.0;9.0;9.0;6.0;5.5
62;Macho;38;695;2.2;10.5;12.4;13.0;7.8;35.0;31.2;23.5;8.3;11.3;7.2;6.3
70;Macho;38;530;1.5;9.5;8.0;10.2;6.0;29.0;31.0;20.5;7.0;7.5;5.0;5.3
75;Femea;38;460;1.7;8.9;8.4;14.8;7.2;27.4;29.3;18.4;7.2;7.6;5.2;4.3
77;Macho;38;555;2.5;10.0;14.0;11.0;7.0;37.0;36.0;23.0;9.0;9.0;7.0;6.0
84;Macho;38;720;2.0;10.5;12.5;13.0;7.0;39.5;33.0;23.0;9.5;9.0;7.0;5.5
88;Femea;38;445;3.2;10.0;14.0;11.5;6.5;29.0;25.0;22.0;7.0;6.5;5.5;5.5
95;Femea;38;460;1.4;9.0;12.3;11.0;4.3;28.2;24.5;18.8;6.3;8.2;5.5;4.8
111;Macho;38;715;2.0;10.4;12.2;12.3;7.4;31.7;29.4;23.2;7.0;9.2;6.1;5.7
114;Macho;38;750;2.3;10.5;13.7;15.0;5.7;36.0;31.5;24.2;10.8;12.0;7.5;6.5
115;Femea;38;445;1.8;9.6;12.6;11.4;6.7;33.7;28.0;19.8;7.5;8.0;6.0;5.4
117;Macho;38;840;2.0;10.5;13.4;13.4;7.2;31.2;33.0;25.2;6.0;9.3;6.1;6.1
118;Femea;38;605;2.0;9.5;8.4;12.6;6.7;30.1;29.4;21.0;7.6;7.4;5.6;5.4
127;Macho;38;645;1.5;8.5;8.0;10.0;5.0;28.0;29.0;19.0;7.0;8.0;4.5;5.0
129;Macho;38;575;2.1;9.5;8.0;10.5;5.5;31.0;30.5;22.0;7.0;8.9;4.2;5.5
130;Femea;38;440;1.5;9.0;7.0;11.0;6.0;29.0;29.0;20.0;7.0;8.0;5.0;5.2
140;Femea;38;500;1.9;10.0;13.0;12.0;5.2;29.0;28.0;20.2;8.6;8.5;6.5;6.3
144;Macho;38;685;2.0;10.0;9.0;12.0;7.0;30.0;30.0;23.0;8.0;10.0;7.0;6.0
151;Macho;38;660;1.7;10.0;10.0;11.0;7.0;32.0;35.0;22.0;7.0;9.0;5.0;6.2
170;Macho;38;605;1.8;9.7;9.5;12.0;6.0;30.0;27.5;21.0;7.0;8.5;4.5;5.5
174;Macho;38;590;2.6;9.0;12.0;12.9;6.0;32.3;31.0;21.1;8.5;8.3;6.3;6.2
177;Macho;38;610;2.1;10.0;12.0;12.1;6.5;31.5;27.5;24.5;8.0;9.0;6.0;6.5
184;Macho;38;815;2.0;10.0;14.4;13.6;6.3;33.1;28.1;24.5;9.6;9.0;7.0;6.6
187;Femea;38;190;1.4;6.9;5.6;10.7;5.0;20.9;20.4;14.4;4.8;5.3;3.2;3.5
190;Macho;38;670;1.8;10.5;18.0;11.9;5.5;36.0;29.3;20.6;9.0;9.6;6.0;7.6
194;Macho;38;600;2.0;9.5;14.0;12.0;7.5;35.5;32.0;24.0;9.0;10.0;7.0;6.8
204;Femea;38;675;1.7;9.5;9.5;12.0;6.5;32.0;33.5;23.0;7.0;9.0;5.2;6.0
209;Macho;38;535;1.8;9.8;12.2;11.5;6.8;27.1;29.6;19.4;6.6;7.9;5.7;5.6
210;Macho;38;670;2.0;9.8;13.3;13.0;6.6;33.0;26.7;22.3;11.4;10.5;6.3;5.7
212;Macho;38;655;1.5;9.8;8.0;11.4;5.0;32.8;27.0;22.0;6.0;7.5;5.0;6.0
217;Macho;38;555;1.7;9.2;8.7;11.7;5.6;27.8;26.2;19.7;7.6;7.3;4.4;4.8
224;Femea;38;640;2.3;10.4;15.4;15.5;8.0;32.0;28.1;26.0;8.5;11.2;7.5;6.0
226;Macho;38;460;1.9;9.5;12.0;11.0;7.0;29.3;27.7;23.0;8.5;10.0;5.6;5.6
227;Macho;38;0;2.0;10.0;13.0;10.5;7.0;39.0;37.5;23.0;9.4;8.5;7.0;7.0
7;Femea;52;785;2.5;10.5;12.0;13.0;6.0;35.0;34.0;28.0;9.0;10.0;7.0;6.0
10;Femea;52;925;2.0;11.5;17.1;14.8;8.0;37.0;34.0;28.9;7.8;10.2;6.1;6.1
11;Macho;52;670;2.0;10.1;14.3;13.3;4.5;31.0;30.3;23.3;8.7;8.0;6.5;6.5
16;Macho;52;760;2.0;10.9;16.0;16.7;9.0;37.5;36.5;24.8;8.0;10.0;7.0;7.5
17;Femea;52;540;2.1;10.4;9.4;13.6;6.4;31.6;33.0;24.5;8.4;8.5;5.0;6.0
19;Macho;52;495;2.3;10.4;9.0;12.0;7.0;31.0;29.0;21.0;8.5;8.0;5.0;6.7
20;Macho;52;565;2.1;9.9;8.7;14.2;6.4;32.3;33.2;23.9;8.0;9.1;5.1;5.4
25;Macho;52;620;2.0;10.8;9.0;13.5;6.8;31.9;33.1;22.8;8.3;10.0;5.2;6.4
26;Macho;52;920;3.0;11.0;12.0;14.6;6.5;38.0;35.0;30.0;10.0;9.0;7.0;6.0
31;Femea;52;585;1.9;10.4;9.3;13.7;7.0;30.5;31.5;23.5;7.9;8.1;5.0;5.3
47;Macho;52;695;2.0;10.9;18.0;13.8;10.0;35.0;35.0;23.0;7.1;10.0;6.2;6.2
57;Macho;52;800;2.5;11.0;12.0;14.0;6.0;36.0;37.0;28.0;9.0;11.0;8.0;6.0
62;Macho;52;920;3.0;11.5;16.0;15.0;7.0;38.0;39.0;31.0;10.0;12.0;8.0;7.0
70;Macho;52;725;2.0;11.1;9.8;13.5;6.4;32.6;33.2;25.4;8.8;9.5;5.5;5.9
75;Femea;52;605;1.9;10.1;15.0;14.0;8.0;35.0;32.6;23.5;6.5;10.0;6.1;6.0
77;Macho;52;705;2.4;10.6;15.0;15.0;8.0;37.0;36.0;25.8;8.5;11.0;8.0;6.5
84;Macho;52;925;2.1;11.5;15.0;15.0;8.0;38.0;39.0;24.2;8.5;12.0;8.0;7.5
88;Femea;52;605;2.1;10.9;16.0;13.6;6.8;36.8;29.9;24.1;9.9;9.1;5.2;7.0
95;Femea;52;640;2.8;10.4;7.2;15.0;10.5;31.0;25.8;22.5;8.2;7.8;5.5;5.7
111;Macho;52;960;3.2;11.5;7.0;14.0;8.4;39.0;34.0;28.5;7.0;11.2;6.5;6.2
114;Macho;52;995;2.3;11.5;14.0;15.0;7.0;41.5;33.0;32.0;10.8;11.0;10.0;7.0
115;Femea;52;630;2.3;11.2;9.6;14.3;7.3;35.5;35.6;24.0;9.3;9.5;5.6;6.2
117;Macho;52;1130;2.5;11.5;11.0;15.5;7.0;41.0;32.5;28.0;10.7;12.0;7.0;7.5
118;Femea;52;865;2.2;9.7;12.0;15.0;5.0;39.2;31.5;28.7;8.6;8.3;6.5;7.0
127;Femea;52;735;2.3;10.5;9.0;13.0;6.5;32.5;32.0;23.5;8.0;10.0;5.8;6.8
129;Macho;52;795;2.0;10.5;14.3;15.0;5.0;38.0;32.5;27.1;8.7;7.9;7.0;8.0
130;Femea;52;550;1.8;10.1;9.5;12.0;6.5;30.4;32.0;23.0;7.7;9.0;5.0;6.0
140;Femea;52;770;2.0;10.5;11.0;14.0;7.0;31.0;31.0;26.0;8.0;10.0;7.0;5.0
144;Macho;52;915;3.0;11.5;12.0;15.0;7.0;38.0;38.0;34.0;11.0;12.0;8.0;7.0
151;Macho;52;925;2.4;10.7;15.0;14.1;5.4;36.7;34.0;30.7;9.0;10.4;7.1;7.0
170;Macho;52;815;2.8;12.0;9.0;15.0;7.5;32.0;30.0;28.0;10.0;10.0;6.0;8.0
174;Macho;52;815;3.0;11.0;8.0;18.0;11.0;33.8;28.4;25.2;9.0;9.0;6.5;7.5
177;Macho;52;840;2.0;11.0;13.0;14.0;5.0;36.2;32.5;27.5;8.6;9.5;6.0;7.0
184;Macho;52;1905;2.5;11.5;12.0;15.0;7.0;39.0;33.5;30.0;9.0;10.0;7.0;6.6
187;Femea;52;400;1.4;8.5;8.7;11.5;5.5;27.5;24.6;19.2;6.6;7.2;5.6;5.1
190;Macho;52;905;2.0;11.8;13.0;15.2;6.9;39.0;37.5;27.0;8.5;11.0;7.5;8.0
194;Macho;52;835;2.5;11.0;12.0;13.0;7.5;39.0;34.5;28.0;26.0;12.0;6.0;7.2
204;Femea;52;850;2.2;10.9;8.9;13.7;7.2;33.9;35.2;25.1;9.1;10.2;5.6;6.3
209;Macho;52;720;2.3;11.3;16.0;14.3;5.9;35.9;33.2;25.2;9.8;8.8;6.1;7.5
210;Macho;52;775;2.1;11.8;14.0;15.0;6.0;39.0;38.0;27.0;7.9;12.0;7.5;7.2
212;Macho;52;895;2.3;11.9;16.8;15.3;6.3;40.8;34.4;25.3;9.6;11.1;7.0;6.9
217;Macho;52;775;2.9;11.0;13.5;13.8;6.0;37.0;30.0;26.0;9.0;9.5;7.0;6.5
224;Femea;52;910;2.0;11.5;13.5;14.5;7.5;39.0;32.0;30.0;10.0;10.0;6.5;7.2
226;Macho;52;615;2.4;9.8;12.0;13.0;6.0;33.0;32.0;23.5;8.0;11.0;7.0;5.0
227;Macho;52;840;2.0;10.7;18.0;14.8;8.5;38.0;38.3;25.5;8.0;11.0;6.6;6.5
7;Femea;66;980;2.0;9.5;13.0;14.5;7.0;40.0;41.0;30.0;9.0;12.0;7.0;7.0
10;Femea;66;1180;20.0;10.5;13.0;14.0;6.0;44.0;37.0;30.5;11.0;10.0;6.0;7.0
11;Macho;66;855;2.3;11.5;15.0;14.0;7.5;40.0;38.0;33.0;11.0;12.5;8.0;7.5
16;Macho;66;1000;2.3;11.5;15.0;14.5;9.0;38.0;39.5;31.0;11.0;13.0;9.0;8.5
17;Femea;66;840;2.0;11.5;15.0;13.7;7.5;38.0;40.0;30.0;9.0;9.6;7.7;6.1
19;Macho;66;670;2.2;11.3;12.0;14.0;8.0;38.0;35.0;24.0;8.0;9.0;7.0;7.0
20;Macho;66;720;3.0;11.5;13.0;15.3;7.0;37.0;35.0;27.5;10.0;10.0;7.0;6.7
25;Macho;66;790;2.0;12;13.4;14.8;7.5;36.5;31.0;28.0;11.0;12.0;9.0;6.7
26;Macho;66;1110;2.0;11;15.0;12.0;7.0;35.0;37.0;33.0;11.0;21.5;7.5;7.3
31;Femea;66;730;2.7;11;15.5;15.0;8.0;35.0;34.0;32.5;11.0;9.0;7.0;6.3
39;Macho;66;925;2.5;12;12.0;17.0;7.5;39.5;42.0;29.5;12.0;14.0;8.0;7.5
47;Macho;66;940;2.1;11.5;14.0;16.0;7.0;44.0;37.0;30.0;11.0;10.0;6.0;8.0
57;Macho;66;1065;2.2;11;13.0;14.0;9.0;37.5;38.0;30.5;12.5;13.0;8.0;7.0
62;Macho;66;1110;2.1;11;15.0;16.0;8.0;39.0;37.0;30.0;11.0;11.0;7.0;8.0
70;Macho;66;985;2.0;11;14.0;15.5;8.0;39.2;37.5;34.0;11.8;11.0;8.0;7.0
75;Femea;66;755;1.9;11;15.0;14.0;7.5;39.0;40.0;31.0;10.0;11.0;8.0;6.7
77;Macho;66;815;2.2;12;16.0;14.0;8.0;39.5;39.0;29.5;10.0;13.0;8.0;7.0
84;Macho;66;945;2.0;11;12.0;17.0;6.0;40.0;34.0;27.0;10.0;11.0;7.2;6.2
88;Femea;66;810;2.0;11.5;15.0;15.0;9.0;38.0;36.0;34.5;10.0;13.0;7.0;6.1
95;Femea;66;705;3.2;10.3;15.0;13.0;6.0;34.3;36.6;25.6;10.0;10.5;7.0;5.5
111;Macho;66;1040;2.5;13.5;9.0;16.5;7.0;43.0;39.0;34.5;14.0;10.8;9.1;5.0
114;Macho;66;1165;2.1;11.5;15.0;14.0;8.0;41.0;39.8;37.1;11.4;11.9;8.1;7.0
115;Femea;66;1005;3.5;12.5;11.5;23.0;8.5;45.0;34.0;30.5;11.2;13.2;8.5;7.0
117;Macho;66;1195;2.3;12.6;14.6;13.0;8.0;37.0;38.7;33.0;10.0;13.0;8.0;7.6
118;Femea;66;1020;2.5;12;13.5;21.0;8.0;48.0;37.2;32.0;11.5;11.5;8.0;6.5
127;Femea;66;735;2.0;12;12.0;15.0;6.0;44.0;40.0;27.5;11.0;11.0;6.0;7.5
129;Macho;66;1050;2.0;11.5;13.0;15.0;7.0;42.0;37.0;29.0;11.0;11.0;7.0;8.0
130;Femea;66;675;2.0;10.5;10.0;15.0;7.0;34.0;33.0;27.0;8.0;10.5;6.0;7.0
140;Femea;66;990;2.5;11;12.0;15.0;6.0;39.0;35.0;30.0;9.0;11.0;6.0;6.5
144;Macho;66;1105;2.4;11.6;16.0;16.4;6.2;39.5;36.0;29.0;12.0;11.5;7.3;5.9
151;Macho;66;1105;2.0;12;16.0;15.0;8.0;36.0;36.5;30.5;10.0;13.0;8.5;7.5
170;Macho;66;1000;2.8;12;10.0;15.0;8.0;37.0;33.0;28.0;12.5;11.5;6.5;7.2
174;Macho;66;1085;2.8;12.3;9.7;16.6;7.0;43.0;38.0;34.0;13.9;10.0;9.0;5.5
177;Macho;66;1105;2.4;12;14.5;15.0;9.0;41.0;38.0;33.0;11.0;13.0;8.0;7.0
184;Macho;66;1360;2.3;13;14.0;17.0;7.0;42.0;39.0;32.0;11.0;11.0;6.5;7.5
187;Femea;66;400;1.7;9.5;10.0;11.5;7.0;30.5;29.5;23.0;9.0;10.0;6.0;6.0
190;Macho;66;1110;2.3;12.7;14.5;15.5;8.0;37.0;40.0;33.0;10.5;13.0;8.2;8.0
194;Macho;66;1095;2.4;12;16.0;15.5;8.0;42.0;42.5;31.0;10.5;12.0;8.5;7.5
204;Femea;66;1020;2.0;11;13.5;14.0;8.0;36.0;39.0;34.8;10.0;11.2;8.0;6.8
209;Macho;66;920;2.5;12;13.0;15.0;7.5;41.0;37.0;33.0;11.0;11.0;7.5;7.5
210;Macho;66;1130;2.1;12.5;14.0;13.0;8.0;37.0;33.5;33.0;11.0;12.0;8.5;7.0
212;Macho;66;1120;2.5;13.2;12.5;14.0;5.5;37.5;34.5;34.5;11.2;12.0;7.9;5.5
217;Macho;66;955;2.1;12;14.0;13.5;7.5;35.0;32.0;30.0;11.0;13.0;8.0;7.0
224;Femea;66;1140;2.7;11.5;16.0;15.0;7.0;40.0;41.0;30.0;11.0;9.5;7.0;6.0
226;Macho;66;725;2.0;11;12.0;17.0;7.5;39.5;37.0;26.0;9.0;11.0;6.0;8.0
7;Femea;80;1150;3.0;13;13.5;14.5;6.0;41.0;40.0;34.0;11.5;10.5;7.5;5.5
11;Macho;80;1055;3.0;11.3;15.5;14.0;7.5;40.0;35.0;34.5;11.5;12.0;7.0;5.5
16;Macho;80;1200;2.6;11.5;17.0;16.0;8.0;53.0;46.0;33.0;11.0;14.0;8.0;10.0
20;Macho;80;850;2.2;12.2;17.9;16.7;7.0;40.2;39.4;31.0;10.6;11.9;8.3;8.1
25;Macho;80;900;2.1;11.7;16.0;16.0;7.5;42.5;41.0;31.0;11.0;11.0;7.0;8.0
26;Macho;80;1360;2.7;12.5;18.0;14.0;7.0;39.0;33.0;38.0;10.0;11.5;7.0;5.5
31;Femea;80;895;2.1;11;16.0;14.0;7.5;43.0;41.0;34.0;11.0;11.5;7.0;7.5
39;Macho;80;1210;3.0;13;17.0;15.3;6.5;40.0;38.0;34.0;11.5;11.0;7.5;6.5
47;Macho;80;1195;2.5;12;16.0;17.0;8.0;41.0;50.0;34.0;12.0;12.0;8.0;9.0
57;Macho;80;1265;2.4;13;20.2;18.1;6.7;48.0;34.4;39.9;12.4;11.0;8.4;8.3
62;Macho;80;1285;2.5;12;16.0;13.0;6.0;44.0;38.0;37.0;11.5;11.5;7.3;5.8
70;Macho;80;1170;3.0;12.5;16.0;15.5;5.5;40.5;35.0;30.5;10.5;10.5;7.5;6.0
75;Femea;80;995;3.0;13;15.0;14.5;7.2;43.0;42.0;32.5;12.0;11.0;7.5;6.0
77;Macho;80;995;2.5;12;18.5;15.0;7.0;41.0;35.0;41.5;12.0;11.5;9.0;6.0
84;Macho;80;1175;2.0;10;18.0;15.0;7.0;43.0;45.0;27.5;10.0;13.0;7.0;8.2
88;Femea;80;995;2.1;11.8;18.0;16.0;8.0;45.0;38.0;37.0;11.0;12.0;7.0;8.2
95;Femea;80;715;3.5;11.2;16.0;15.0;7.0;43.0;39.0;28.0;10.0;11.0;7.0;5.5
111;Femea;80;1095;2.5;11.5;17.0;15.0;7.0;46.0;43.0;32.0;12.5;10.0;7.0;8.0
114;Macho;80;1265;2.1;13;17.0;15.0;8.0;45.0;47.0;33.0;12.0;15.0;9.0;8.5
115;Femea;80;1150;2.5;13.5;15.0;14.0;6.0;41.5;40.0;31.3;10.0;12.5;8.0;6.0
117;Macho;80;1260;2.6;13.3;21.3;14.3;7.9;50.0;42.8;33.6;13.1;12.6;7.6;8.2
118;Femea;80;1185;2.7;12.1;20.9;15.1;8.2;48.0;44.0;33.4;12.6;12.6;7.8;8.5
127;Femea;80;1090;2.6;11.5;16.0;14.5;8.5;41.0;38.0;35.0;10.0;11.0;7.5;5.8
129;Macho;80;1170;2.1;12.9;13.4;13.2;6.7;41.7;36.1;34.2;11.3;12.8;7.0;7.1
130;Macho;80;1210;2.0;11;16.0;16.0;7.0;43.0;42.0;34.0;13.5;14.0;7.0;8.5
140;Femea;80;1350;2.1;12.5;18.0;17.0;7.5;45.0;42.0;35.5;12.0;13.0;7.0;8.0
144;Macho;80;865;2.54;11;15.0;16.0;8.0;44.0;40.0;37.0;11.0;13.0;7.5;8.1
151;Macho;80;1230;2.0;13.5;18.0;18.0;7.0;46.0;43.0;33.0;13.0;13.5;8.5;7.5
170;Macho;80;1185;3.0;13.5;9.5;14.3;7.6;39.0;29.0;33.0;12.0;10.5;8.0;5.0
174;Macho;80;1300;2.5;11.5;15.0;18.0;7.5;49.0;32.5;43.0;12.0;12.0;7.5;9.0
177;Macho;80;1285;2.5;11.5;17.0;17.0;7.5;46.0;52.0;32.0;12.0;12.0;7.5;8.5
184;Macho;80;1500;2.3;12.5;16.0;17.0;7.0;46.0;40.0;38.0;14.0;13.0;8.0;8.7
190;Macho;80;1380;2.1;13.5;18.0;17.0;6.5;45.0;46.0;35.0;12.5;13.5;7.5;8.0
194;Macho;80;1335;3.0;12.7;17.0;16.3;8.0;45.0;37.0;37.0;13.0;12.7;8.2;5.5
204;Femea;80;1185;2.2;11;15.0;16.0;8.0;4.0;39.5;33.0;10.0;12.0;6.5;7.5
209;Macho;80;1075;2.3;12.7;18.5;16.8;7.8;44.5;45.1;30.3;11.8;10.5;7.4;8.5
212;Macho;80;1300;2.5;12.6;19.0;16.0;9.4;44.0;43.0;30.6;9.0;10.0;8.0;7.8
217;Macho;80;1170;2.0;11;17.0;15.0;7.0;38.0;44.0;32.0;12.0;11.5;7.5;8.0
224;Femea;80;1260;3.0;12;15.0;14.5;6.0;40.0;39.5;38.5;13.0;11.0;7.0;5.4
226;Macho;80;875;2.7;12;16.0;14.0;7.0;40.0;38.0;34.0;10.5;10.0;7.5;6.0
227;Macho;80;1260;2.5;11;16.0;16.0;7.0;49.0;47.0;33.0;11.0;12.0;7.0;8.0
7;Femea;101;1245;2.5;14;17.0;13.0;9.0;38.0;37.5;33.5;11.5;13.0;8.5;7.0
17;Femea;101;1215;2.6;13.8;18.5;15.8;7.5;42.0;42.1;32.5;10.4;10.1;8.3;8.0
26;Macho;101;1465;2.0;12.5;17.0;14.5;6.5;46.0;37.0;37.0;10.0;12.0;8.0;5.0
31;Femea;101;1045;2.6;12.5;16.0;15.0;8.5;39.0;40.0;35.0;12.0;12.5;7.5;7.5
39;Macho;101;1415;2.1;13;19.5;16.1;7.1;51.6;40.5;34.2;11.0;14.6;9.1;7.7
57;Macho;101;1330;2.7;12.7;21.5;11.5;6.1;48.1;48.5;31.6;11.7;12.2;8.2;6.7
62;Macho;101;1375;2.5;13.5;19.0;15.0;7.0;45.0;38.0;34.0;12.0;14.0;8.5;6.0
88;Femea;101;1075;2.9;12.9;16.5;15.0;9.5;40.0;37.0;35.0;12.0;12.5;9.5;7.5
95;Femea;101;860;2.4;11.9;20.3;14.8;9.4;44.0;45.0;34.0;10.0;10.5;7.5;7.3
111;Macho;101;1375;2.7;14.5;17.5;14.5;7.2;44.0;40.0;39.5;12.5;13.0;8.0;6.0
114;Macho;101;1350;2.0;13;15.0;16.0;6.0;46.0;41.0;39.0;11.0;11.0;9.0;5.0
115;Femea;101;1335;2.7;13;17.0;14.0;10.0;36.0;35.0;35.0;12.0;12.5;9.0;7.0
118;Femea;101;1240;3.0;13;19.0;17.0;9.0;49.0;49.0;8.0;12.0;13.5;8.0;7.0
130;Femea;101;895;3.0;12;16.0;15.5;6.0;38.0;35.0;37.0;11.0;12.0;9.0;5.5
151;Macho;101;1370;2.8;14.3;23.4;15.3;5.9;49.2;46.7;32.7;11.6;12.0;9.1;7.9
170;Macho;101;1250;3.2;14.5;15.5;13.5;9.5;38.0;37.0;38.0;13.0;11.5;9.0;6.4
204;Femea;101;1405;2.3;13.6;20.4;16.7;6.6;40.9;39.1;38.8;7.6;11.2;8.1;7.0
212;Macho;101;995;2.7;14.8;25.0;16.7;7.6;45.1;42.6;37.4;12.4;13.1;9.0;8.2
224;Femea;101;1355;2.6;13;18.0;15.0;7.0;41.0;41.0;36.0;11.0;12.0;7.0;5.0
226;Macho;101;1030;2.5;14;17.5;15.6;7.5;42.5;40.2;35.0;12.0;13.5;9.0;8.5
7;Femea;115;1505;2.7;13;12.0;17.0;9.0;50.0;47.0;36.0;13.0;14.0;9.0;7.5
11;Macho;115;1540;2.6;13;17.0;15.5;8.0;42.5;38.0;12.0;14.0;9.0;8.0;
16;Macho;115;1415;2.5;13.5;22.0;16.0;9.0;51.0;50.0;35.0;11.0;13.0;8.0;8.5
17;Femea;115;1435;2.8;13.4;21.2;15.6;7.6;48.3;43.7;33.2;11.1;11.2;7.1;7.8
26;Macho;115;1576;2.2;12.5;14.5;17.0;8.0;56.0;37.0;37.0;12.0;12.3;6.5;9.5
31;Femea;115;1270;2.5;13;18.0;15.0;6.5;42.0;36.0;34.0;11.0;10.0;8.0;5.5
39;Macho;115;1580;2.5;14.3;22.0;15.5;9.0;51.5;47.0;37.5;11.0;11.3;8.0;7.8
47;Macho;115;1515;2.8;14;16.2;16.0;9.0;48.0;43.0;34.5;11.5;12.0;8.0;8.0
57;Macho;115;1305;2.5;13;17.0;17.0;6.5;46.0;40.0;43.0;12.5;13.0;9.0;5.0
62;Macho;115;1525;2.5;13;17.0;16.0;8.0;50.0;46.0;36.0;13.0;13.0;9.0;9.0
88;Femea;115;1280;2.6;13.7;21.6;17.2;8.9;46.1;43.5;36.0;13.9;11.9;7.6;7.6
111;Macho;115;1550;2.6;17;17.0;19.0;8.0;53.0;45.0;40.0;13.0;12.0;8.0;7.0
114;Macho;115;1530;2.7;15;18.5;16.5;9.0;51.0;42.0;37.0;12.0;16.0;10.0;8.0
115;Femea;115;1450;2.2;13.4;19.5;14.1;7.1;50.2;41.8;33.7;11.0;12.1;7.2;7.3
117;Macho;115;1580;3.0;13;19.0;16.0;8.0;49.0;51.0;35.0;12.0;14.0;8.0;9.0
118;Femea;115;1325;2.5;12;15.0;16.0;8.5;54.0;49.5;39.0;12.0;11.0;7.0;8.0
127;Femea;115;1290;2.7;11;20.0;14.5;8.0;50.0;50.0;36.0;13.0;14.0;7.0;7.0
130;Femea;115;1020;2.5;12.5;15.0;15.0;7.0;40.0;34.0;39.0;10.0;12.0;7.0;6.0
140;Femea;115;1600;3.0;14;19.0;16.0;7.0;46.0;40.0;42.0;11.0;12.0;7.0;5.0
151;Macho;115;1470;2.3;12;14.0;15.0;8.0;51.0;45.0;38.0;12.0;13.0;7.0;9.5
170;Macho;115;1285;3.0;15;18.5;19.1;9.8;44.3;43.7;35.7;14.7;12.4;7.5;8.8
177;Macho;115;1555;2.8;14.5;19.5;15.5;7.5;47.0;42.0;36.0;11.5;12.5;8.5;6.0
184;Macho;115;1675;3.0;14.3;16.0;16.0;9.7;43.5;36.0;36.5;11.0;13.0;10.0;9.0
187;Femea;115;805;2.0;10.5;14.0;17.0;7.0;42.0;44.0;32.0;12.0;12.5;8.0;8.5
190;Macho;115;1395;3.0;13;20.0;15.0;7.0;53.0;47.0;34.0;13.0;13.0;8.0;9.0
204;Femea;115;1605;2.7;12.5;18.0;16.5;8.0;50.0;45.0;36.0;13.0;12.0;7.0;8.2
210;Macho;115;1490;2.5;12.9;16.0;16.0;8.8;48.0;42.0;34.0;10.0;11.0;7.0;7.5
212;Macho;115;1560;3.0;14;18.0;17.0;6.5;47.0;39.0;42.0;13.0;13.0;9.0;6.0
217;Macho;115;1270;2.3;13.4;16.7;16.0;9.7;47.7;43.2;35.8;12.2;10.5;9.4;8.2
224;Femea;115;1510;3.0;13;19.0;16.5;8.0;52.0;46.0;35.0;14.0;14.0;8.0;8.5
226;Macho;115;1140;2.6;14.4;20.2;17.6;8.4;53.4;47.0;37.6;12.8;12.5;8.4;9.1
